Genus Name,Family,Genus
Abelmoschus Medicus,106,13
Abies Miller,26,1
Abutilon Miller,106,9
Acacia Miller,81,4
Acalypha L.,87,5
Acantholimon Boiss.,136,3
Acanthus L.,156,1
Acer L.,95,1
Aceras R. Br.,203,25
Achillea L.,169,58
Achnatherum Beauv.,193,106
Achyranthes L.,49,3
Acinos Miller,151,26
Aconitum L.,61,11
Acroptilon Cass.,169,136
Adenophora Besser,168,4
Adenostyles Cass.,169,92
Adiantum L.,8,1
Adoxa L.,165,1
Aegilops L.,193,52
Aegopodium L.,129,26
Aesculus L.,97,1
Aetheorhiza Cass.,169,165
Aethionema R. Br.,68,75
Agrimonia L.,80,11
Agropyron Gaertner,193,49
Agrostemma L.,57,26
Agrostis L.,193,87
Ailanthus Desf.,90,1
Aira L.,193,76
Airopsis Desv.,193,78
Aizoon L.,52,1
Ajuga L.,151,1
Aldrovanda L.,71,1
Alhagi Gagnebin,81,73
Alisma L.,170,4
Alkanna Tausch,148,12
Ainus Miller,34,2
Aloe L.,183,14
Alternanthera Forskal,49,4
Althenia Petit,181,1
Alyssoides Miller,68,48
Alyssum L.,68,50
Amaranthus L.,49,2
Ambrosia L.,169,49
Ambrosina Bassi,195,9
Amelanchier Medicus,80,30
Ammannia L.,119,2
Ammi L.,129,66
Ammochloa Boiss.,193,38
Ammoides Adanson,129,68
Ammophila Host,193,90
Amorpha L.,81,42
Ampelodesmos Link,193,107
Amphoricarpos Vis.,169,105
Amsinckia Lehm.,148,26
Anabasis L.,48,29
Anaeamptis L. C. M. Richard,203,28
Anacylus L.,169,63
Anarrhinum Desf.,154,9
Anchusa L.,148,21
Andrachne L.,87,1
Androcymbium Willd.,183,15
Andromeda L.,132,16
Andropogon L.,193,149
Androsace L.,135,3
Andryala L.,169,180
Andrzeiowskia Reichenb.,68,62
Anemone L.,61,14
Anethum L.,129,41
Anogramma Link,11,1
Antennaria Gaertner,169,26
Anthoxanthum L.,193,82
Anthriscus Pers.,129,13
Anthyllis L.,81,63
Antinoria Pari.,193,80
Antirrhinum L.,154,10
Apera Adanson,193,32
Aphanes L.,80,24
Aphyllanthes L.,183,11
Apios Fabr.,81,44
Aposeris Cass.,169,156
Aptenia N. E. Br.,52,5
Aquilegia L.,61,22
Arachis L.,81,74
Araujia Brot.,143,2
Arbutus L.,132,12
Arceuthobium Bieb.,43,3
Archangelica N. M. Wolf,129,80
Arctagrostis Griseb.,193,25
Arctium L.,169,112
Arctostaphylos Adanson,132,13
Arctotheca Wendl.,169,103
Arctous A. Gray,,
Aremonia Nestler,80,12
Arenaria L.,57,1
Argemone L.,66,3
Argusia Boehmer,148,1
Argyrolobium Ecklon  Zeyher,81,29
Arisarum Miller,195,8
Aristolochia L.,44,2
Armeria Willd.,136,4
Armoracia Gilib.,68,39
Arnoseris Gaertner,169,151
Arrhenatherum Beauv.,193,64
Artemisia L.,169,88
Arthrocnemum Moq.,48,20
Arum L.,195,6
Aruncus L.,80,5
Arundinaria Michx,193,2
Arundo L.,193,108
Asarina Miller,154,11
Asarum L.,44,1
Asclepias L.,143,4
Asparagus L.,183,48
Asperugo L.,148,27
Asperula L.,144,4
Asphodeline Reichenb.,183,6
Asphodelus L.,183,5
Aster L.,169,7
Asteriscus Miller,169,39
Asterolinon Hoffmanns.  Link,135,10
Astragalus L.,81,38
Astrantia L.,129,6
Astrodaucus Drude,129,103
Asyneuma Griseb.  Schenk,168,8
Athamanta L.,129,37
Athyrium Roth,18,1
Atractylis L.,169,107
Atraphaxis L.,47,12
Atriplex L.,48,6
Atropis Rupr.,193,21
Aubrieta Adanson,68,44
Aulacospermum Ledeb.,129,50
Avellinia Park,193,85
Axyris L.,48,10
Azolla Lam.,25,1
Azorina Feer,168,2
Bacopa Aublet,154,3
Baldellia Pari.,170,2
Ballota L.,151,15
Balsamita Miller,169,71
Barbarea R. Br.,68,36
Badia Pari.,203,27
Bartsia L.,154,31
Bassia All.,48,12
Beckmannia Host,193,27
Bellardia Ail.,154,33
Bellardiochloa Chiov.,193,17
Bellevalia Lapeyr.,183,33
Beilis L.,169,5
Bellium L.,169,6
Berardia Vili.,169,111
Bergenia Moench,73,2
Berula Koch,129,28
Beta L.,48,2
Betonica L.,151,16
Betula L.,34,1
Biarum Schott,195,7
Biebersteinia Stephan,83,3
Bifora Hoffm.,129,18
Bilderdykia Dumort.,47,3
Biscutella L.,68,78
Blackstonia Hudson,140,3
Blechnum L.,21,1
Blysmus Panzer,199,2
Blyxa Noronha ex Thouars,172,8
Bolboschoenus Ascherson,,
Boleum Desv.,68,98
Bonannia Guss.,129,83
Bonaveria Scop.,81,62
Borago L.,148,23
Bornmuellera Hausskn.,68,55
Boschniakia C. A. Meyer,160,3
Botrychium Swartz,5,2
Brachyapium Bâillon,,
Brachypodium Beauv.,193,45
Braya Sternb.  Hoppe,68,10
Brimeura Salisb.,183,31
Bruckenthalia Reichenb.,132,2
Brunnera Steven,148,20
Bryonia L.,117,3
Bryophyllum Salisb.,72,2
Buddleja L.,153,1
Bufonia L.,57,5
Buglossoides Moench,148,6
Bulbocastanum Miller,129,21
Bulbocodium L.,183,17
Bunium L.,129,21
Buphthalmum L.,169,36
Bupleurum L.,129,56
Butomus L.,171,1
Buxus L.,102,1
Cacalia L.,169,99
Cachrys L.,129,52
Calamagrostis Adanson,193,91
Calamintha Miller,151,27
Caldesia Pari.,170,5
Calepina Adanson,68,104
Calicotome Link,81,10
Callianthemum C. A. Meyer,61,3
Calligonum L.,47,11
Callipeltis Steven,144,6
Calluna Salisb.,132,3
Caiophaca Fischer,81,37
Caltha L.,61,10
Calycocorsus F. W. Schmidt,169,175
Calypso Salisb.,203,32
Calystegia R. Br.,146,4
Camelina Crantz,68,66
Campanula L.,168,1
Camphorosma L.,48,11
Cannabis L.,39,2
Capnophyllum Gaertner,129,85
Capparis L.,67,1
Capsella Medicus,68,68
Caragana Fabr.,81,36
Caralluma R. Br.,143,8
Cardamine L.,68,41
Cardaria Desv.,68,81
Cardiospermum L.,96,1
Cardopatum Pers.,169,109
Carduncellus Adanson,169,144
Carlina L.,169,106
Carpesium L.,169,34
Carpinus L.,35,1
Carpobrotus N. E. Br.,52,3
Carya Nutt.,33,2
Cassandra D. Don,132,17
Cassiope D. Don,132,4
Castanea Miller,36,2
Castellia Tineo,193,10
Catabrosa Beauv.,193,30
Catabrosella Tzvelev,,
Catananche L.,169,147
Cedronella Moench,151,17
Cedrus Trew,26,6
Ceiosia L.,49,1
Celsia L.,154,7
Cenchrus L.,193,142
Centaurium Hill,140,4
Centunculus L.,135,12
Cephalanthera L. C. M. Richard,203,3
Cephalaria Schrader,167,2
Cephalorrhynchus Boiss.,169,167
Ceratocapnos Durieu,66,15
Ceratocarpus L.,48,9
Ceratocephalus Pers.,61,20
Ceratonia L.,81,2
Ceratophyllum L.,60,1
Ceratostigma Bunge,136,2
Cercis L.,81,1
Cerefolium Fabr.,129,13
Cereus Miller,118,2
Cerinthe L.,148,10
Cestrum L.,152,15
Chaerophyllum L.,129,12
Chaetopogon Janchen,193,92
Chamaecyparis Spach,28,2
Chamaecytisus Link,81,13
Chamaedaphne Moench,132,17
Chamaemelum Miller,169,59
Chamaepericlymenum Hill,127,1
Chamaerops L.,194,1
Chamaespartium Adanson,81,17
Chamomilla S. F. Gray,169,61
Chamorchis L. C. M. Richard,203,14
Chartolepis Cass.,169,140
Cheilanthes Swartz,7,1
Cheiranthus L.,69,26
Cheirolophus Cass.,169,129
Chelidonium L.,66,6
Chenopodium L.,48,3
Chimaphila Pursh,131,4
Chronanthus DC.,,
Chrysanthemoides Fabr.,169,101
Chrysanthemum L.,169,66
Chrysopogon Trin.,193,147
Chrysosplenium L.,73,3
Cicendia Adanson,140,1
Cicer L.,81,48
Cicerbita Wallr.,169,170
Cichorium L.,169,146
Cimicifuga L.,61,9
Cionura Griseb.,143,7
Circinnus Medicus,81,61
Cirsium Miller,169,118
Cistanche Hoffmanns.  Link,160,1
Cistus L.,112,1
Citrullus Schrader,117,4
Citrus L.,88,4
Cladanthus Cass.,169,62
Cladium Browne,199,8
Clausia Trotzky,68,27
Cleistogenes Keng,193,120
Clematis L.,61,17
Clinopodium L.,151,28
Clypeola L.,68,57
Cneorum L.,89,1
Cnidium Cusson,129,75
Cochlearia L.,68,63
Coeloglossum Hartman,203,18
Coincya Rouy,68,94
Coix L.,193,154
Colchicum L.,183,16
Coleanthus Seidl,193,100
Coleostephus Cass.,169,80
Colladonia DC.nonSprengel,129,53
Colocasia Schott,195,5
Comandra Nutt.,42,1
Commelina L.,191,3
Commicarpus Standley,50,1
Comperia C. Koch,203,21
Conioselinum Hoffm.,129,79
Conium L.,129,47
Conopodium Koch,129,22
Conringia Adanson,68,84
Consolida DC.,,
Corallorhiza Chatel.,203,31
Corema D. Don,133,1
Coriandrum L.,129,17
Coriaria L.,93,1
Corispermum L.,48,14
Cornucopiae L.,193,95
Coronaria Schaeffer,57,25
Coronilla L.,81,65
Coronopus Haller,68,82
Corrigiola L.,57,14
Cortaderia Stapf,193,110
Cortusa L.,135,4
Corydalis Vent.,66,10
Corylus L.,35,3
Corynephorus Beauv.,193,84
Cotinus Miller,94,2
Cotoneaster Medicus,80,31
Cousinia Cass.,169,113
Crambe L.,68,103
Crassula L.,72,1
Crithmum L.,129,29
Crithopsis Jaub.  Spach,193,51
Crocus L.,188,7
Crucianella L.,144,3
Cruciata Miller,144,7
Crypsis Aiton,193,123
Cryptogramma R. Br.,10,1
Cryptomeria D. Don,27,4
Ctenopsis De Not.,193,7
Cucumis L.,117,5
Cucurbita L.,117,6
Culcita C. Presi,12,1
Cuminum L.,129,58
Cupressus L.,28,1
Cyanopsis Cass.,169,134
Cyclamen L.,135,7
Cycloloma Moq.,48,4
Cyclosorus Link,16,2
Cydonia Miller,80,25
Cymbalaria Hill,154,15
Cymbaria L.,154,38
Cynanchum L.,143,5
Cynocrambe Gagnebin,125,1
Cynodon L. C. M. Richard,193,126
Cynoglossum L.,148,34
Cynomorium L.,46,1
Cynosurus L.,193,28
Cypripedium L.,203,1
Cystopteris Bernh.,18,3
Cytinus L.,45,1
Cytisus L.,81,12
Daboecia D. Don,132,11
Dactyloctenium Willd.,193,125
Dactylorhiza Necker ex Nevski,203,19
Damasonium Miller,170,6
Datisca L.,116,1
Davallia Sm.,14,1
Daveaua Willk. ex Mariz,169,77
Degenia Hayek,68,49
Dentaria L.,68,41
Deschampsia Beauv.,193,74
Dethawia Endl.,129,31
Deutzia Thunb.,75,2
Diapensia L.,130,1
Diarthron Turcz.,107,3
Dicentra Bernh.,66,9
Dichanthium Willemet,193,148
Dichondra J. R.  G. Forster,146,3
Dictamnus L.,88,3
Didesmus Desv.,68,102
Digitaria Haller,193,137
Dioscorea L.,186,1
Diosphaera Buser,168,6
Diospyros L.,137,1
Dipcadi Medicus,183,35
Diplazium Swartz,18,2
Dipsacus L.,167,3
Diptychocarpus Trautv.,68,32
Dispermotheca Beauverd,154,30
Disphyma N. E. Br.,52,6
Dittrichia W. Greuter,169,32
Dodartia L.,154,6
Doronicum L.,169,94
Dorycnium Miller,81,58
Dorycnopsis Boiss.,81,63
Dracocephalum L.,151,20
Dracunculus Miller,195,10
Drosophyllum Link,71,3
Dryopteris Adanson,19,2
Drypis L.,57,30
Duchesnea Sm.,80,22
Dupontia R. Br.,193,24
Ebenus L.,81,72
Echinochloa Beauv.,193,134
Echinocystis Torrey  A. Gray,117,7
Echinophora L.,129,10
Echinops L.,169,110
Echium L.,148,14
Eclipta L.,169,43
Egeria Planchon,172,4
Eichornia Kunth,187,3
Elaeagnus L.,108,2
Eleocharis R. Br.,199,4
Eleusine Gaertner,193,124
Elisma Buchenau,170,3
Elodea Michx,172,5
Elodes Adanson,109,1
Elyna Schrader,199,11
Elytrigia Desv.,193,48
Emex Campd.,47,9
Empetrum L.,133,2
Enarthrocarpus Labili.,68,107
Endressia Gay,129,74
Endymion Dumort.,183,28
Ephedra L.,30,1
Epilobium L.,123,5
Epimedium L.,63,4
Epipactis Zinn,203,2
Epipogium R. Br.,203,5
Equisetum L.,4,1
Eragrostis N. M. Wolf,193,121
Eranthis Salisb.,61,2
Erechtites Rafin.,169,95
Eremopoa Roshev.,193,18
Eremostachys Bunge,151,8
Eremurus Bieb.,183,9
Erica L.,132,1
Erigeron L.,169,8
Erinacea Adanson,81,23
Erinus L.,154,18
Eriobotrya Lindley,80,29
Eriocaulon L.,192,1
Eriochloa Kunth,193,136
Eriophorum L.,199,3
Eritrichium Schrader ex Gaudin,148,30
Eruca Miller,68,90
Erucaria Gaertner,68,99
Erucastrum C. Presi,68,91
Eryngium L.,129,7
Erysimum L.,68,18
Erythronium L.,183,21
Eschscholzia Cham.,66,7
Euclidium R. Br.,68,34
Euonymus L.,100,1
Eupatorium L.,169,1
Euphorbia L.,87,7
Eurotia auct.nonAdanson,48,8
Eutrema R. Br.,68,7
Euzomodendron Cosson,68,86
Evacidium Pomel,169,19
Evax Gaertner,169,16
Eversmannia Bunge,81,69
Exaculum Caruel,140,2
Fagonia L.,85,2
Fagopyrum Miller,47,5
Fagus L.,36,1
Falcarla Fabr.,129,70
Fascicularia Mez,190,1
Fedia Gaertner,166,3
Ferula L.,129,86
Ferulago Koch,129,87
Festuca L.,193,4
Fibigia Medicus,68,51
Filaginella Opiz,169,22
Filipendula Miller,80,6
Fimbristylis Vahl,199,6
Foeniculum Miller,129,40
Fontanesia Labili.,139,2
Forsythia Vahl,139,3
Fragaria L.,80,21
Frangula Miller,103,4
Frankenia L.,114,1
Fraxinus L.,139,4
Freesia Ecklon ex Klatt,88,6
Fuirena Rottb.,199,5
Fumana Dunal,,
Furcraea Vent.,184,2
Gagea Salisb.,183,20
Gaillardia Foug.,169,54
Galactites Moench,169,123
Galanthus L.,185,4
Galega L.,81,32
Galeopsis L.,151,10
Gamochaeta Weddell,169,21
Garidella L.,61,5
Gastridium Beauv.,193,88
Gaudinia Beauv.,193,66
Gaudiniopsis Eig,193,67
Gaultheria L.,132,14
Gazania Gaertner,169,104
Gelasia Cass.,169,161
Genistella Ortega,81,17
Gennaria Pari.,203,10
Gentiana L.,140,5
Gentianella Moench,140,6
Geranium L.,83,1
Geropogon L.,169,162
Geum L.,80,17
Girgensohnia Bunge,48,28
Gladiolus L.,188,10
Glaucium Miller,56,5
Glaux L.,135,11
Glechoma L.,151,19
Gleditsia L.,81,3
Glinus L.,53,2
Globularia L.,155,1
Glossopappus G. Kunze,169,78
Glyceria R. Br.,193,42
Glycine Willd.,81,47
Glycyrrhiza L.,81,41
Gomphocarpus R. Br.,143,3
Goniolimon Boiss.,136,6
Gonocytisus Spach,81,19
Goodyera R. Br.,203,9
Gossypium L.,106,11
Grafia Reichenb.,129,38
Grindelia Willd.,169,2
Groenlandia Gay,177,2
Guillonea Cosson,129,97
Guiraoa Cosson,68,106
Guizotia Cass.,169,40
Gunnera L.,124,1
Gymnadenia R. Br.,203,15
Gymnocarpium Newman,19,3
Gymnospermium Spach,63,2
Gymnostyles Juss.,169,87
Gynandriris Pari.,188,4
Gypsophila L.,57,31
Haberlea Friv.,159,1
Hackelia Opiz,148,31
Hainardia W. Greuter,193,98
Hakea Schrader,41,1
Halenia Borkh.,140,9
Halimione Aellen,48,7
Halimium Dunal,,
Halimocnemis C. A. Meyer,48,33
Halocnemum Bieb.,48,19
Halogeton C. A. Meyer,48,34
Halophila Thouars,172,10
Halostachys C. A. Meyer,48,18
Haloxylon Bunge,48,30
Hammarbya O. Kuntze,203,35
Hammatolobium Fenzl,81,67
Haplophyllum A. Juss.,88,2
Hebe Commerson,154,22
Hedychium Koenig,201,1
Hedypnois Miller,169,154
Hedysarum L.,81,70
Heleochloa Host,193,123
Helianthemum Miller,112,4
Helianthus L.,169,45
Helichrysum Miller,169,24
Helictotrichon Besser,193,61
Heliopsis Pers.,169,51
Heliotropium L.,148,2
Helleborine Miller,203,2
Helleborus L.,61,1
Hemarthria R. Br.,193,153
Hepatica Miller,61,15
Heptaptera Margot  Reuter,129,53
Herminium Guett.,203,11
Hermodactylus Miller,188,2
Herniaria L.,57,16
Hesperis L.,68,20
Heteranthemis Schott,169,67
Heteropogon Pers.,193,151
Himantoglossum Koch,203,26
Hippocrepis L.,81,66
Hirschfeldia Moench,68,93
Hladnikia Reichenb.,129,48
Holosteum L.,57,8
Homogyne Cass.,169,91
Honkenya Ehrh.,57,4
Hordelymus Jessen,,
Hordeum L.,193,57
Horminum L.,151,39
Hornungia Reichenb.,68,71
Hottonia L.,135,6
Huetia Boiss.,129,23
Hugueninia Reichenb.,68,5
Humulus L.,39,1
Huperzia Bernh.,1,1
Hutchinsia R. Br.,68,69
Hutera Porta,68,94
Hyacinethella Schur,183,34
Hyacinthoides Medicus,183,28
Hyacinthus L.,183,30
Hydrilla L. C. M. Richard,172,6
Hydrocharis L.,172,1
Hydrocotyle L.,129,1
Hymenocarpus Savi,81,61
Hymenophyllum Sm.,15,1
Hyoscyamus L.,152,5
Hyoseris L.,169,153
Hypecoum L.,66,8
Hypericum L.,109,1
Hypochoeris L.,169,158
Iberis L.,68,77
Ifloga Cass.,169,14
Ilex L.,99,1
Illecebrum L.,57,17
Impatiens L.,98,1
Imperata Cyr.,193,144
Inula L.,169,31
Ionopsidium Reichenb.,68,72
Ipheion Rafin.,183,41
Ipomoea L.,146,6
Iris L.,188,3
Isnardia L.,123,4
Isoetes L.,3,1
Isopyrum L.,61,7
Iva L.,169,48
Ixia L.,188,5
Jankaea Boiss.,159,3
Jasione L.,168,13
Jasminum L.,139,1
Jasonia Cass.,169,35
Jovibarba Opiz,72,7
Juncus L.,189,1
Juniperus L.,28,5
Jurinea Cass.,169,116
Jussiaea L.,123,4
Kalidium Moq.,48,16
Kalmia L.,132,8
Karelinia Less.,169,12
Kernera Medicus,68,64
Kickxia Dumort.,154,16
Kitaibela Willd.,106,2
Kleinia Miller,169,98
Knautia L.,167,6
Kobresia Willd.,199,11
Kochia Roth,48,13
Koeleria Pers.,193,68
Koelpinia Pallas,169,152
Koenigia L.,47,1
Kosteletzkya C. Presi,106,14
Krascheninnikovia Gueldenst.,48,8
Kundmannia Scop.,129,42
Laburnum Fabr.,81,8
Lactuca L.,169,169
Lafuentea Lag.,154,25
Lagarosiphon Harvey,172,7
Lagotis Gaertner,154,19
Lamarckia Moench,193,29
Lamium L.,151,11
Lampranthus N. E. Br.,52,7
Lantana L.,149,2
Lapiedra Lag.,185,5
Lappula Gilib.,148,31
Larix Miller,26,5
Lapsana L.,169,177
Laser Borkh.,129,95
Laserpitium L.,129,98
Lasiagrostis Link,193,106
Lasiopogon Cass.,169,25
Lathyrus L.,81,51
Launaea Cass.,169,164
Laurentia Adanson,168,15
Laurus L.,65,1
Lavatera L.,106,6
Ledum L.,132,6
Leersia Swartz,193,130
Legousia Durande,168,5
Lembotropis Griseb.,81,11
Lens Miller,81,50
Leontice L.,63,1
Leonurus L.,151,13
Lepidium L.,68,80
Lepidophorum Cass.,169,76
Lepidotis Beauv.,1,2
Leptolax O. E. Schultz,68,47
Lereschia Boiss.,129,65
Leucanthemella Tzvelev,169,70
Leucanthemum Miller,169,81
Leucojum L.,185,3
Leucorchis E. H. F. Meyer,203,16
Levisticum Hill,129,81
Leycesteria Wall.,164,5
Leysera L.,169,30
Libanotis Hill,129,32
Ligularia Cass.,169,97
Ligustrum L.,139,6
Lilium L.,183,24
Limodorum Boehmer,203,4
Limonium Miller,136,5
Linaria Miller,154,14
Lindernia All.,154,2
Linnaea L.,164,4
Linum L.,86,1
Liparis L. C. M. Richard,203,33
Lippia L.,149,4
Liriodendron L.,64,1
Lithodora Griseb.,148,7
Lithospermum L.,148,4
Littorella Bergius,163,2
Litwinowia Woronow,68,35
Lobularia Desv.,68,56
Logfia Cass.,169,65
Loiseleuria Desv.,132,9
Lomatogonium A. Braun,140,7
Lonas Adanson,169,64
Lonicera L.,164,6
Lophochloa Reichenb.,193,69
Loranthus L.,43,1
Loretia DuvalJouve,193,57551936
Lotus L.,81,59
Lupinus L.,81,28
Luronium Rafin.,170,3
Lycium L.,152,2
Lycocarpus O. E. Schulz,68,2
Lycopersicon Miller,152,11
Lycopodium L.,1,3
Lycopsis L.,148,21
Lygos Adanson,81,20
Lysichiton Schott,195,3
Lysimachia L.,135,8
Lythrum L.,119,1
Macrosyringion Rothm.,154,30
Mahonia Nutt.,63,6
Maianthemum Weber,183,43
Malabaila Hoffm.,129,93
Malus Miller,80,27
Malva L.,106,5
Malvella Jaub.  Spach,106,4
Mandragora L.,152,12
Mantisalca Cass.,169,135
Maresia Pomel,68,23
Marrubium L.,151,5
Matricaria L.,169,60
Matteuccia Tod.,18,5
Matthiola R. Br.,68,29
Mattiastrum Boiss.,,
Maytenus Molina,100,2
Meconopsis Vig.,66,2
Medicago L.,81,56
Melampyrum L.,154,27
Melanoselinum Hoffm.,129,101
Melia L.,91,1
Melilotus Miller,81,54
Menyanthes L.,141,1
Mercurialis L.,87,4
Merenderà Ramond,183,18
Mertensia Roth,148,25
Mesembryanthemum L.,52,4
Mespilus L.,80,33
Meum Miller,129,45
Mibora Adanson,193,34
Micromeria Bentham,151,29
Micropus L.,169,18
Micropyrum Link,193,9
Microrhynchus Less.,169,164
Microstylis Nutt.,,
Middendorfia Trautv.,119,1
Mimulus L.,154,5
Minaea Lojac.,68,72
Mirabilis L.,50,2
Misopates Rafin.,154,12
Modioia Moench,106,10
Moehringia L.,57,2
Moenchia Ehrh.,57,10
Molineria Pari.nonColla,193,77
Molineriella Rouy,193,77
Molinia Schrank,193,113
Molopospermum Koch,129,16
Moltkia Lehm.,148,11
Moluccella L.,151,14
Moneses Salisb.,131,3
Monochoria C. Presi,187,4
Monotropa L.,131,5
Monda L.,55,2
Morisia Gay,68,105
Morus L.,38,2
Mucizonia DC.,,
Muehlenbeckia Meissner,47,10
Murbeckiella Rothm.,68,3
Muretia Boiss.,129,24
Musa L.,200,1
Muscari Miller,183,36
Myagrum L.,68,13
Mycelis Cass.,169,172
Myoporum Solander ex G. Forster,162,1
Myosoton Moench,57,11
Myosurus L.,61,21
Myrica L.,32,1
Myricaria Desv.,113,3
Myriophyllum L.,124,2
Myrrhis Miller,129,15
Narcissus L.,185,6
Nardosmia Cass.,169,90
Narduroides Rouy,193,11
Nardurus Reichenb.,193,6
Narthecium Hudson,183,2
Nasturtium R. Br.,68,40
Naufraga Constance  Cannon,129,3
Neatostema I. M. Johnston,148,5
Nectaroscordum Lindley,183,39
Nelumbo Adanson,59,1
Nemophila Nutt.,147,1
Neottia Ludwig,203,6
Neottianthe Schlechter,203,12
Nerium L.,142,1
Neslia Desv.,68,67
Nicandra Adanson,152,1
Nicotiana L.,152,16
Nigella L.,61,4
Nigritella L. C. M. Richard,203,17
Nitraria L.,85,5
Noaea Moq.,48,26
Nonea Medicus,148,16
Nothoscordum Kunth,183,40
Notobasis Cass.,169,120
Notoceras R. Br.,68,30
Nuphar Sm.,58,2
Nymphaea L.,58,1
Odontitella Rothm.,154,30
Odontites Ludwig,154,30
Oenothera L.,123,3
Ofaiston Rafin.,48,27
Omalotheca Cass.,169,20
Omphalodes Miller,148,33
Onobrychis Miller,81,71
Onoclea L.,18,6
Ononis L.,81,53
Onopordum L.,169,123
Ophioglossum L.,5,1
Ophrys L.,203,30
Oplismenus Beauv.,193,133
Opoponax Koch,129,89
Opuntia Miller,118,1
Oreochloa Link,193,37
Oreoherzogia W. Vent,103,3
Orlaya Hoffm.,129,107
Ornithogalum L.,183,25
Ornithopus L.,81,64
Orobanche L.,160,2
Osmunda L.,6,1
Ostericum Hoffm.,129,80
Ostrya Scop.,35,2
Osyris L.,42,2
Otanthus Hoffmanns.  Link,169,65
Otospermum Willk.,169,73
Oxyria Hill,47,6
Paeonia L.,62,1
Palaeocyanus Dostal,169,128
Palimbia Besser,129,82
Paliurus Miller,103,1
Pancicia Vis.,129,25
Pancratium L.,185,7
Papaver L.,66,1
Paradisea Mazzuc.,183,8
Parapholis C. E. Hubbard,193,97
Parentucellia Viv.,154,32
Parietaria L.,40,3
Paris L.,183,47
Parnassia L.,74,1
Paronychia Miller,57,15
Parthenocissus Planchon,104,2
Parvotrisetum Chrtek,193,72
Pastinaca L.,129,91
Pastorea Tod.,68,72
Patrinia Juss.,166,1
Pedicularis L.,154,34
Peganum L.,85,1
Pellaea Link,7,2
Peltaria Jacq.,68,47
Pendulina Willk.,68,87
Pennisetum L. C. M. Richard,193,141
Pentaglottis Tausch,148,22
Periballia Trim,193,79
Periploca L.,143,1
Persea Miller,65,2
Petagnia Guss.,129,9
Petasites Miller,169,90
Petrocallis R. Br.,68,61
Petrocoptis A. Braun,57,27
Petrorhagia Ser. ex DC.,,
Petroselinum Hill,129,60
Petrosimonia Bunge,48,32
Petteria C. Presi,81,22
Peucedanum L.,129,90
Phacelia Juss.,147,2
Phacelurus Griseb.,193,152
Phagnalon Cass.,169,29
Phalacrachena Iljin,169,137
Phalacrocarpum Willk.,169,72
Pharbitis Choisy,146,6
Phaseolus L.,81,45
Phellodendron Rupr.,88,5
Philadelphus L.,75,1
Phillyrea L.,139,8
Phippsia R. Br.,193,22
Pholiurus Trin.,193,96
Phormium J. R.  G. Forster,183,13
Phragmites Adanson,193,109
Phyllodoce Salisb.,132,10
Physanthyllis Boiss.,81,63
Physocaulis DC.,,
Physoplexis Endl.,,
Physospermum Cusson,129,46
Phyteuma L.,168,9
Phytolacca L.,51,1
Picea A. Dietr.,26,4
Picnomon Adanson,169,119
Picridium Desf.,169,163
Pieris L.,169,160
Pilea Lindley,40,2
Pilosella Hill,169,181
Pilularia L.,23,2
Pimpinella L.,129,25
Pinus L.,26,7
Piptatherum Beauv.,193,104
Pistacia L.,94,3
Pisum L.,81,52
Pittosporum Gaertner,78,1
Plantago L.,163,1
Platanthera L. C. M. Richard,203,13
Platanus L.,79,1
Pleuropogon R. Br.,193,43
Pleurospermum Hoffm.,129,49
Plumbago L.,136,1
Polemonium L.,145,1
Polycnemum L.,48,1
Polygonatum Miller,183,46
Polygonum L.,47,2
Polypodium L.,22,1
Polypogon Desf.,193,89
Polystichum Roth,19,1
Pontederia L.,187,1
Populus L.,31,2
Portenschlagiella Tutin,129,36
Portulaca L.,55,1
Potamogeton L.,177,1
Potentina L.,80,19
Prangos Lindley,129,52
Prenanthes L.,169,171
Primula L.,135,1
Proboscidea Schmidel,158,1
Prolongoa Boiss.,169,75
Prunella L.,151,21
Prunus L.,80,35
Psathyrostachys Nevski,193,56
Pseudarrhenatherum Rouy,193,65
Pseudostellaria Pax,57,7
Psilurus Trin.,193,33
Ptelea L.,88,6
Pterocarya Kunth,33,3
Pterocephalus Adanson,167,7
Ptilostemon Cass.,169,121
Ptilotrichum C. A. Meyer,68,54
Ptychotis Koch,129,67
Puccinellia Pari.,193,21
Pulicaria Gaertner,169,33
Pulsatilla Miller,61,16
Punica L.,122,1
Putoria Pers.,144,1
Pycnocomon Hoffmanns.  Link,167,10
Pyracantha M. J. Roemer,80,32
Pyrola L.,131,1
Quercus L.,36,3
Radiola Hill,86,2
Ramischia Opiz ex Garcke,131,2
Ramonda L. C. M. Richard,159,2
Ranunculus L.,61,19
Rapistrum Crantz,68,101
Reichardia Roth,169,163
Reseda L.,69,1
Reutera Boiss.,81,20
Revtera Boiss.,129,25
Reynoutria Houtt.,47,4
Rhagadiolus Zinn,169,155
Rhamnus L.,103,3
Rhazya Decne,142,3
Rheum L.,47,7
Rhinanthus L.,154,35
Rhizobotrya Tausch,68,65
Rhododendron L.,132,5
Rhodothamnus Reichenb.,132,7
Rhynchoeorys Griseb.,154,36
Rhynchosinapis Hayek,68,92
Rhynchospora Vahl,199,9
Ribes L.,77,1
Ricinus L.,87,6
Ricotia L.,68,45
Ridolfia Moris,129,61
Rindera Pallas,148,37
Robinia L.,81,30
Rochelia Reichenb.,148,28
Roemeria Medicus,66,4
Romulea Maratti,188,8
Rorippa Scop.,68,38
Rosmarinus L.,151,37
Rotala L.,119,3
Rothmaleria Font Quer,169,148
Rouya Coincy,129,100
Rubia L.,144,9
Rubus L.,80,9
Rudbeckia L.,169,44
Rumex L.,47,8
Rupicapnos Pomel,66,14
Ruppia L.,178,1
Ruscus L.,183,49
Ruta L.,88,1
Sabina Miller,28,5
Saccharum L.,193,145
Sagina L.,57,12
Sagittaria L.,170,1
Salicornia L.,48,21
Salpichroa Miers,152,8
Saisola L.,48,25
Salvinia Adanson,24,1
Sambucus L.,164,1
Samolus L.,125,13
Sanguisorba L.,80,13
Sanicula L.,129,4
Santolina L.,169,56
Saponaria L.,57,33
Sarcopoterium Spach,80,14
Sasa Makino  Shibata,193,1
Saxifraga L.,73,1
Scabiosa L.,167,8
Scandix L.,129,14
Scheuchzeria L.,173,1
Schinus L.,94,4
Schismus Beauv.,193,112
Schivereckia Andrz.,68,58
Schizachne Hackel,193,41
Schkuhria Roth,169,53
Schoenoplectus Reichenb.,,
Scilla L.,183,27
Scleranthus L.,57,13
Sclerochloa Beauv.,193,23
Sclerochorton Boiss.,129,30
Scleropoa Griseb.,193,12
Scolochloa Link,193,101
Scolymus L.,169,145
Scorpiurus L.,81,68
Scorzonera L.,169,161
Scrophularia L.,154,8
Secale L.,203,55
Securinega Commerson,87,2
Sedum L.,72,10
Selaginella Beauv.,2,1
Sempervivum L.,72,6
Senecillis Gaertner,169,97
Senecio L.,169,96
Sequoiadendron Buchholz,27,2
Sesamum L.,157,1
Seseli L.,129,32
Sesuvium L.,52,2
Setaria Beauv.,193,140
Sherardia L.,144,2
Sibbaldia L.,80,20
Sibiraea Maxim.,80,4
Sibthorpia L.,154,24
Sicyos L.,177,8
Sida L.,106,3
Sideritis L.,151,6
Sigesbeckia L.,169,42
Silaum Miller,129,43
Silene L.,57,28
Silphium L.,169,47
Silybum Adanson,169,127
Simethis Kunth,183,10
Sinapis L.,68,89
Siphonostegia Bentham,154,37
Sisymbrella Spach,68,37
Sisymbrium L.,68,1
Sisyrinchium L.,188,1
Sium L.,129,27
Smilacina Desf.,183,44
Smyrnium L.,129,20
Sobolewskia Bieb.,68,12
Soldanella L.,135,5
Solenanthus Ledeb.,148,35
Sophora L.,81,5
Sorbaria Ser.,,
Sorghum Moench,193,146
Sparganium L.,197,1
Spartina Schreber,193,127
Spergula L.,57,22
Spergularia Pers.,,
Spinacia L.,48,5
Spiraea L.,80,3
Spiranthes L. C. M. Richard,203,8
Spirodela Schleiden,196,3
Sporobolus R. Br.,193,122
Stachys L.,151,16
Staphylea L.,101,1
Stauracanthus Link,81,25
Stefanoffia H. Wolff,129,72
Stenophragma Celak.,68,8
Stenotaphrum Trin.,193,139
Steptorhamphus Bunge,169,168
Sterigmostemum Bieb.,68,25
Steveniella Schlechter,203,20
Stipa L.,193,105
Stipagrostis Nees,193,115
Strangweia Bertol.,183,32
Stratiotes L.,172,2
Streptopus Michx,183,45
Subularia L.,68,83
Succisa Haller,167,4
Succisella G. Beck,167,5
Succowia Medicus,68,97
Swertia L.,140,8
Swida Opiz,127,1
Symphoricarpos Duh.,164,3
Symphytum L.,148,18
Syrenia Andrz.,68,19
Syringa L.,139,5
Taeniatherum Nevski,193,59
Tagetes L.,169,55
Tamarix L.,113,2
Tamus L.,186,3
Tanaeetum L.,169,69
Taraxacum Weber,169,173
Taxodium L. C. M. Richard,27,3
Taxus L.,29,1
Teesdalia R. Br.,68,73
Telekia Baumg.,169,37
Telephium L.,57,24
Teline Medicus,81,15
Tetraclinis Masters,28,4
Tetracme Bunge,68,31
Tetragonia L.,54,1
Tetragonolobus Scop.,81,60
Teucrium L.,151,2
Thalictrum L.,61,23
Thapsia L.,129,99
Thellungiella O. E. Schulz,68,9
Thelypteris Schmidel,16,1
Thermopsis R. Br.,81,6
Thesium L.,42,3
Thladiantha Bunge,117,1
Thorelia Briq.,129,69
Thuja L ,28,3
Thymbra L ,151,30
Thymelaea Miller,107,2
Thymus L ,151,33
Tofieldia Hudson,183,1
Tolpis Adanson,169,150
Tordylium L.,129,94
Torilis Adanson,129,102
Torularia Cosson,,
Trac homi turn Woodson,142,2
Trachystemon D. Don,148,24
Tradescantia L.,191,1
Tragopogon L.,169,162
Tragus Haller,193,128
Traunsteinera Reichenb.,203,23
Tremastelma Rafin.,167,9
Tricholaena Schrader,193,143
Trichophorum Pers.,199,1
Trientalis L.,135,9
Trifolium L.,81,57
Trigiochin L.,175,1
Trigonella L.,81,55
Trigonotis Steven,148,32
Triguera Cav.,152,13
Trinia Hoflm.,129,57
Triplachne Link,193,86
Tripleurospermum Schultz Bip.,169,60
Tripogandra Rafin.,191,2
Trisetum Pers.,193,70
Triticum L.,193,53
Tritonia KerGawler,188,51001889
Trochiscanthes Koch,129,44
Tropaeolum L.,84,1
Tuberaria Dunal,,
Tulipa L.,183,22
Turgenia Hoffm.,129,106
Turgeniopsis Boiss.,129,104
Tussilago L.,169,89
Typha L.,198,1
Ulmus L.,37,1
Urginea Steinh.,183,26
Urospermum Scop.,169,157
Urtica L.,40,1
Vaccaria Medicus,57,34
Vaccinium L.,132,18
Vahlodea Fries,193,75
Valantia L.,144,8
Valeriana L.,166,4
Valerianella Miller,166,2
Velezia L.,57,37
Ventenata Koeler,193,67
Verbascum L.,154,7
Verbesina L.,169,46
Vesicaria Lam.,68,48
Vigna Savi,81,46
Vincetoxicum N. M. Wolf,143,6
Viscaria Bemh.,57,25
Viscum L.,43,2
Vitaliana Sesler,135,2
Vitex L.,149,1
Vitis L.,104,1
Volutaria Cass.,169,133
Vulpia C. C. Gmelin,193,6
Wagenitzia Dostal,169,141
Wahlenbergia Schrader ex Roth,168,11
Waldsteinia Willd.,80,18
Wigandia Kunth,147,3
Wilckia Scop.,68,21
Wisteria Nutt.,81,31
Withania Pauquy,152,6
Wolffia Horkel ex Schleiden,196,1
Woodsia R. Br.,18,4
Woodwardia Sm.,21,2
Wulfenia Jacq.,154,20
Xanthium L.,169,50
Xatardia Meissner,129,39
Xeranthemum L.,169,108
Xiphion Miller,188,3
Zantedeschia Sprengel,195,4
Zea L.,193,155
Zelkova Spach,37,2
Zingeria P. Smirnov,193,103
Ziziphora L.,151,24
Ziziphus Miller,103,2
Zollikoferia DC.nonNees,169,164
Zygophyllum L.,85,3
